INSERT INTO shelters (id, capacity, risk_level)
VALUES 
    ('S001', 5, 'HIGH'),
    ('S002', 10, 'LOW'),
    ('S003', 5, 'HIGH'),
    ('S004', 5, 'HIGH'),
    ('S005', 5, 'LOW');

INSERT INTO citizens (id, age, health_status, registration_date, citizen_type)
VALUES
('C001', 22, 'NORMAL', '2026-01-01 08:00:00', 'GENERAL'),
('C002', 34, 'RISK', '2026-01-02 09:15:00', 'VULNERABLE'),
('C003', 45, 'NORMAL', '2026-01-03 10:30:00', 'VIP'),
('C004', 67, 'RISK', '2026-01-04 11:45:00', 'VULNERABLE'),
('C005', 29, 'NORMAL', '2026-01-05 12:00:00', 'GENERAL'),
('C006', 11, 'RISK', '2026-01-06 13:20:00', 'GENERAL'),
('C007', 38, 'NORMAL', '2026-01-07 14:10:00', 'VIP'),
('C008', 73, 'RISK', '2026-01-08 15:40:00', 'VULNERABLE'),
('C009', 19, 'NORMAL', '2026-01-09 16:05:00', 'GENERAL'),
('C010', 60, 'RISK', '2026-01-10 17:25:00', 'GENERAL'),

('C011', 27, 'NORMAL', '2026-01-11 08:35:00', 'VIP'),
('C012', 48, 'RISK', '2026-01-12 09:50:00', 'VULNERABLE'),
('C013', 33, 'NORMAL', '2026-01-13 10:15:00', 'GENERAL'),
('C014', 56, 'RISK', '2026-01-14 11:30:00', 'GENERAL'),
('C015', 41, 'NORMAL', '2026-01-15 12:45:00', 'VIP'),
('C016', 65, 'RISK', '2026-01-16 13:55:00', 'VULNERABLE'),
('C017', 24, 'NORMAL', '2026-01-17 14:05:00', 'GENERAL'),
('C018', 12, 'RISK', '2026-01-18 15:15:00', 'GENERAL'),
('C019', 36, 'NORMAL', '2026-01-19 16:25:00', 'VIP'),
('C020', 70, 'RISK', '2026-01-20 17:35:00', 'VULNERABLE'),

('C021', 31, 'NORMAL', '2026-01-21 08:10:00', 'GENERAL'),
('C022', 59, 'RISK', '2026-01-22 09:20:00', 'GENERAL'),
('C023', 44, 'NORMAL', '2026-01-23 10:40:00', 'VIP'),
('C024', 62, 'RISK', '2026-01-24 11:55:00', 'VULNERABLE'),
('C025', 17, 'NORMAL', '2026-01-25 12:05:00', 'GENERAL'),
('C026', 53, 'RISK', '2026-01-26 13:15:00', 'GENERAL'),
('C027', 39, 'NORMAL', '2026-01-27 14:25:00', 'VIP'),
('C028', 75, 'RISK', '2026-01-28 15:35:00', 'VULNERABLE'),
('C029', 26, 'NORMAL', '2026-01-29 16:45:00', 'GENERAL'),
('C030', 58, 'RISK', '2026-01-30 17:55:00', 'GENERAL');

INSERT INTO assignments (id, citizen_id, shelter_id, check_in_date)
VALUES
('A001', 'C001', 'S001', '2026-01-01 08:00:05'),
('A002', 'C002', 'S002', '2026-01-02 09:17:00'),
('A003', 'C003', 'S001', '2026-01-03 10:31:00'),
('A004', 'C004', 'S002', '2026-01-04 11:42:00'),
('A005', 'C005', 'S001', '2026-01-05 12:03:00'),
('A006', 'C006', 'S002', '2026-01-06 13:24:00'),
('A007', 'C007', 'S001', '2026-01-07 14:15:00'),
('A008', 'C008', 'S002', '2026-01-08 15:46:00'),
('A009', 'C009', 'S001', '2026-01-09 16:07:00'),
('A0010', 'C010', 'S002', '2026-01-10 17:28:00'),

('A0011', 'C011', 'S003', '2026-01-11 08:39:00'),
('A0012', 'C012', 'S002', '2026-01-12 09:51:00'),
('A0013', 'C013', 'S003', '2026-01-13 10:16:00'),
('A0014', 'C014', 'S002', '2026-01-14 11:32:00'),
('A0015', 'C015', 'S003', '2026-01-15 12:47:00'),
('A0016', 'C016', 'S002', '2026-01-16 13:53:00'),
('A0017', 'C017', 'S004', '2026-01-17 14:08:00'),
('A0018', 'C018', 'S002', '2026-01-18 15:19:00'),
('A0019', 'C019', 'S005', '2026-01-19 16:26:00');